CREATE DATABASE  IF NOT EXISTS `phoenix` /*!40100 DEFAULT CHARACTER SET utf8mb3 */ /*!80016 DEFAULT ENCRYPTION='N' */;
USE `phoenix`;
-- MySQL dump 10.13  Distrib 8.0.40, for Win64 (x86_64)
--
-- Host: 127.0.0.1    Database: phoenix
-- ------------------------------------------------------
-- Server version	8.0.40

/*!40101 SET @OLD_CHARACTER_SET_CLIENT=@@CHARACTER_SET_CLIENT */;
/*!40101 SET @OLD_CHARACTER_SET_RESULTS=@@CHARACTER_SET_RESULTS */;
/*!40101 SET @OLD_COLLATION_CONNECTION=@@COLLATION_CONNECTION */;
/*!50503 SET NAMES utf8 */;
/*!40103 SET @OLD_TIME_ZONE=@@TIME_ZONE */;
/*!40103 SET TIME_ZONE='+00:00' */;
/*!40014 SET @OLD_UNIQUE_CHECKS=@@UNIQUE_CHECKS, UNIQUE_CHECKS=0 */;
/*!40014 SET @OLD_FOREIGN_KEY_CHECKS=@@FOREIGN_KEY_CHECKS, FOREIGN_KEY_CHECKS=0 */;
/*!40101 SET @OLD_SQL_MODE=@@SQL_MODE, SQL_MODE='NO_AUTO_VALUE_ON_ZERO' */;
/*!40111 SET @OLD_SQL_NOTES=@@SQL_NOTES, SQL_NOTES=0 */;

--
-- Table structure for table `admin`
--

DROP TABLE IF EXISTS `admin`;
/*!40101 SET @saved_cs_client     = @@character_set_client */;
/*!50503 SET character_set_client = utf8mb4 */;
CREATE TABLE `admin` (
  `admin_id` int NOT NULL AUTO_INCREMENT COMMENT '管理者ID（オートインクルメント）',
  `name` varchar(255) NOT NULL COMMENT '管理者の名前',
  `pass` int NOT NULL COMMENT 'パスワード',
  `admin_status_id` int NOT NULL COMMENT '外部キー(admin_status_id)',
  PRIMARY KEY (`admin_id`),
  KEY `admin_status_id_idx` (`admin_status_id`),
  CONSTRAINT `admin_status_id` FOREIGN KEY (`admin_status_id`) REFERENCES `admin_status` (`admin_status_id`)
) ENGINE=InnoDB AUTO_INCREMENT=3 DEFAULT CHARSET=utf8mb3 COMMENT='管理者テーブル';
/*!40101 SET character_set_client = @saved_cs_client */;

--
-- Dumping data for table `admin`
--

LOCK TABLES `admin` WRITE;
/*!40000 ALTER TABLE `admin` DISABLE KEYS */;
INSERT INTO `admin` VALUES (1,'不死鳥 太郎',1234,1),(2,'不死鳥 花子',4321,2);
/*!40000 ALTER TABLE `admin` ENABLE KEYS */;
UNLOCK TABLES;

--
-- Table structure for table `admin_status`
--

DROP TABLE IF EXISTS `admin_status`;
/*!40101 SET @saved_cs_client     = @@character_set_client */;
/*!50503 SET character_set_client = utf8mb4 */;
CREATE TABLE `admin_status` (
  `admin_status_id` int NOT NULL,
  `admin_status` varchar(45) NOT NULL COMMENT '管理者ステータス(1.全権限(追加、削除可)、2.不可)',
  PRIMARY KEY (`admin_status_id`)
) ENGINE=InnoDB DEFAULT CHARSET=utf8mb3 COMMENT='管理者ステータステーブル';
/*!40101 SET character_set_client = @saved_cs_client */;

--
-- Dumping data for table `admin_status`
--

LOCK TABLES `admin_status` WRITE;
/*!40000 ALTER TABLE `admin_status` DISABLE KEYS */;
INSERT INTO `admin_status` VALUES (1,'全権限追加、削除可)'),(2,'不可');
/*!40000 ALTER TABLE `admin_status` ENABLE KEYS */;
UNLOCK TABLES;

--
-- Table structure for table `games`
--

DROP TABLE IF EXISTS `games`;
/*!40101 SET @saved_cs_client     = @@character_set_client */;
/*!50503 SET character_set_client = utf8mb4 */;
CREATE TABLE `games` (
  `game_id` int NOT NULL AUTO_INCREMENT COMMENT '試合ID（オートインクリメント）',
  `game_date` date NOT NULL COMMENT '試合日',
  `start_time` time NOT NULL COMMENT '試合開始時間',
  `home_team_id` int NOT NULL COMMENT '外部キー(team_id)',
  `away_team_id` int NOT NULL COMMENT '外部キー(team_id)',
  `stadium_id` int NOT NULL COMMENT '外部キー(stadium_id)',
  `game_delete_at` date DEFAULT NULL,
  PRIMARY KEY (`game_id`),
  KEY `team_id_idx1` (`away_team_id`),
  KEY `studium_id_idx` (`stadium_id`),
  KEY `team_id_idx` (`home_team_id`),
  CONSTRAINT `away_team_id` FOREIGN KEY (`away_team_id`) REFERENCES `teams` (`team_id`),
  CONSTRAINT `home_team_id` FOREIGN KEY (`home_team_id`) REFERENCES `teams` (`team_id`),
  CONSTRAINT `studium_id` FOREIGN KEY (`stadium_id`) REFERENCES `games` (`game_id`)
) ENGINE=InnoDB AUTO_INCREMENT=57 DEFAULT CHARSET=utf8mb3 COMMENT='試合情報テーブル';
/*!40101 SET character_set_client = @saved_cs_client */;

--
-- Dumping data for table `games`
--

LOCK TABLES `games` WRITE;
/*!40000 ALTER TABLE `games` DISABLE KEYS */;
INSERT INTO `games` VALUES (1,'2025-03-01','18:00:00',1,2,1,'2025-03-01'),(2,'2025-03-05','18:00:00',1,3,1,'2025-03-05'),(3,'2025-03-10','18:00:00',1,4,1,'2025-03-10'),(4,'2025-03-15','14:00:00',1,2,1,NULL),(5,'2025-03-20','18:00:00',1,3,1,NULL),(6,'2025-03-25','14:00:00',1,4,1,NULL),(7,'2025-03-30','18:00:00',1,2,1,NULL),(8,'2025-04-01','18:00:00',1,3,1,NULL),(9,'2025-04-05','18:00:00',1,4,1,NULL),(10,'2025-04-10','18:00:00',1,2,1,NULL),(11,'2025-04-15','14:00:00',1,3,1,NULL),(12,'2025-04-20','18:00:00',1,4,1,NULL),(13,'2025-04-25','14:00:00',1,2,1,NULL),(14,'2025-04-30','18:00:00',1,3,1,NULL),(15,'2025-05-01','18:00:00',1,4,1,NULL),(16,'2025-05-06','18:00:00',1,2,1,NULL),(17,'2025-05-10','14:00:00',1,3,1,NULL),(18,'2025-05-15','18:00:00',1,4,1,NULL),(19,'2025-05-20','18:00:00',1,2,1,NULL),(20,'2025-05-25','14:00:00',1,3,1,NULL),(21,'2025-05-30','18:00:00',1,4,1,NULL),(22,'2025-06-01','18:00:00',1,2,1,NULL),(23,'2025-06-05','18:00:00',1,3,1,NULL),(24,'2025-06-10','18:00:00',1,4,1,NULL),(25,'2025-06-15','14:00:00',1,2,1,NULL),(26,'2025-06-20','18:00:00',1,3,1,NULL),(27,'2025-06-25','14:00:00',1,4,1,NULL),(28,'2025-06-30','18:00:00',1,2,1,NULL),(29,'2025-03-01','18:00:00',1,2,1,'2025-03-01'),(30,'2025-03-05','18:00:00',1,3,1,'2025-03-05'),(31,'2025-03-10','18:00:00',1,4,1,'2025-03-10'),(32,'2025-03-15','14:00:00',1,2,1,NULL),(33,'2025-03-20','18:00:00',1,3,1,NULL),(34,'2025-03-25','14:00:00',1,4,1,NULL),(35,'2025-03-30','18:00:00',1,2,1,NULL),(36,'2025-04-01','18:00:00',1,3,1,NULL),(37,'2025-04-05','18:00:00',1,4,1,NULL),(38,'2025-04-10','18:00:00',1,2,1,NULL),(39,'2025-04-15','14:00:00',1,3,1,NULL),(40,'2025-04-20','18:00:00',1,4,1,NULL),(41,'2025-04-25','14:00:00',1,2,1,NULL),(42,'2025-04-30','18:00:00',1,3,1,NULL),(43,'2025-05-01','18:00:00',1,4,1,NULL),(44,'2025-05-06','18:00:00',1,2,1,NULL),(45,'2025-05-10','14:00:00',1,3,1,NULL),(46,'2025-05-15','18:00:00',1,4,1,NULL),(47,'2025-05-20','18:00:00',1,2,1,NULL),(48,'2025-05-25','14:00:00',1,3,1,NULL),(49,'2025-05-30','18:00:00',1,4,1,NULL),(50,'2025-06-01','18:00:00',1,2,1,NULL),(51,'2025-06-05','18:00:00',1,3,1,NULL),(52,'2025-06-10','18:00:00',1,4,1,NULL),(53,'2025-06-15','14:00:00',1,2,1,NULL),(54,'2025-06-20','18:00:00',1,3,1,NULL),(55,'2025-06-25','14:00:00',1,4,1,NULL),(56,'2025-06-30','18:00:00',1,2,1,NULL);
/*!40000 ALTER TABLE `games` ENABLE KEYS */;
UNLOCK TABLES;

--
-- Table structure for table `inquiries`
--

DROP TABLE IF EXISTS `inquiries`;
/*!40101 SET @saved_cs_client     = @@character_set_client */;
/*!50503 SET character_set_client = utf8mb4 */;
CREATE TABLE `inquiries` (
  `inquiry_id` int NOT NULL AUTO_INCREMENT COMMENT 'お問い合わせID（オートインクリメント）',
  `user_id` int NOT NULL COMMENT '外部キー(user_id)',
  `created_at` datetime NOT NULL COMMENT '問い合わせ日、時間',
  `inquiry_text` text NOT NULL COMMENT '問い合わせ内容',
  `response_text` text COMMENT '返信内容',
  `response_at` datetime DEFAULT NULL COMMENT '返信日時',
  `name` varchar(255) NOT NULL,
  `email` varchar(255) NOT NULL,
  PRIMARY KEY (`inquiry_id`),
  KEY `user_id` (`user_id`)
) ENGINE=InnoDB DEFAULT CHARSET=utf8mb3 COMMENT='お問い合わせテーブル';
/*!40101 SET character_set_client = @saved_cs_client */;

--
-- Dumping data for table `inquiries`
--

LOCK TABLES `inquiries` WRITE;
/*!40000 ALTER TABLE `inquiries` DISABLE KEYS */;
/*!40000 ALTER TABLE `inquiries` ENABLE KEYS */;
UNLOCK TABLES;

--
-- Table structure for table `news`
--

DROP TABLE IF EXISTS `news`;
/*!40101 SET @saved_cs_client     = @@character_set_client */;
/*!50503 SET character_set_client = utf8mb4 */;
CREATE TABLE `news` (
  `news_id` int NOT NULL AUTO_INCREMENT COMMENT 'NEWS_ID(オートインクルメント）',
  `title` varchar(255) NOT NULL COMMENT 'ニュースのタイトル',
  `main_text` varchar(255) NOT NULL COMMENT 'ニュース本文',
  `created_at` datetime NOT NULL COMMENT 'データ作成年月日（登録日）',
  `updated_at` datetime DEFAULT NULL COMMENT 'データ更新年月日',
  `start_at` datetime DEFAULT NULL,
  `ending_at` datetime DEFAULT NULL,
  PRIMARY KEY (`news_id`)
) ENGINE=InnoDB AUTO_INCREMENT=3 DEFAULT CHARSET=utf8mb3 COMMENT='ニューステーブル';
/*!40101 SET character_set_client = @saved_cs_client */;

--
-- Dumping data for table `news`
--

LOCK TABLES `news` WRITE;
/*!40000 ALTER TABLE `news` DISABLE KEYS */;
INSERT INTO `news` VALUES (1,'phoenixニュースサイト開設','phoenixの公式ニュースサイトが開設されたよん。試合や選手の情報、販売情報など発信していきまーす⤴','2025-03-12 00:00:00',NULL,'2025-03-12 00:00:00',NULL),(2,'チケット販売開始','今シーズンのチケット販売が開始されました。\nチケットを購入して、試合を見に行こう！','2025-03-12 00:00:00',NULL,'2025-03-12 00:00:00',NULL);
/*!40000 ALTER TABLE `news` ENABLE KEYS */;
UNLOCK TABLES;

--
-- Table structure for table `player_statuses`
--

DROP TABLE IF EXISTS `player_statuses`;
/*!40101 SET @saved_cs_client     = @@character_set_client */;
/*!50503 SET character_set_client = utf8mb4 */;
CREATE TABLE `player_statuses` (
  `player_status_id` int NOT NULL DEFAULT '1' COMMENT 'ステータスID',
  `player_status` varchar(64) NOT NULL COMMENT '在籍状況（1:在籍、2:退団）',
  PRIMARY KEY (`player_status_id`)
) ENGINE=InnoDB DEFAULT CHARSET=utf8mb3 COMMENT='選手ステータステーブル';
/*!40101 SET character_set_client = @saved_cs_client */;

--
-- Dumping data for table `player_statuses`
--

LOCK TABLES `player_statuses` WRITE;
/*!40000 ALTER TABLE `player_statuses` DISABLE KEYS */;
INSERT INTO `player_statuses` VALUES (1,'在籍'),(2,'退団');
/*!40000 ALTER TABLE `player_statuses` ENABLE KEYS */;
UNLOCK TABLES;

--
-- Table structure for table `players`
--

DROP TABLE IF EXISTS `players`;
/*!40101 SET @saved_cs_client     = @@character_set_client */;
/*!50503 SET character_set_client = utf8mb4 */;
CREATE TABLE `players` (
  `player_id` int NOT NULL AUTO_INCREMENT COMMENT '選手ID(オートインクルメント）',
  `name` varchar(64) NOT NULL COMMENT '選手名',
  `kana` varchar(64) NOT NULL COMMENT '選手名（ふりがな）',
  `image` varchar(255) DEFAULT NULL COMMENT '選手画像(URL)',
  `birthday` date NOT NULL COMMENT '生年月日',
  `height` int NOT NULL COMMENT '身長',
  `weight` int NOT NULL COMMENT '体重',
  `birth_place` varchar(64) NOT NULL COMMENT '出身地',
  `position` varchar(64) NOT NULL COMMENT 'ポジション',
  `comment` varchar(255) NOT NULL COMMENT '選手コメント',
  `created_at` datetime NOT NULL COMMENT 'データ作成年月日（登録日）',
  `updated_at` datetime DEFAULT NULL COMMENT 'データ更新年月日',
  `joined_at` date NOT NULL COMMENT '入団日',
  `ending_at` date DEFAULT NULL,
  `player_status_id` int NOT NULL COMMENT '在籍状況,外部キー（選手ステータステーブルの主キー）',
  PRIMARY KEY (`player_id`),
  KEY `player_status_id_idx` (`player_status_id`),
  CONSTRAINT `player_status_id` FOREIGN KEY (`player_status_id`) REFERENCES `player_statuses` (`player_status_id`)
) ENGINE=InnoDB AUTO_INCREMENT=17 DEFAULT CHARSET=utf8mb3 COMMENT='選手テーブル';
/*!40101 SET character_set_client = @saved_cs_client */;

--
-- Dumping data for table `players`
--

LOCK TABLES `players` WRITE;
/*!40000 ALTER TABLE `players` DISABLE KEYS */;
INSERT INTO `players` VALUES (1,'田中 一郎','たなか いちろう',NULL,'1990-04-12',180,75,'東京都','投手','勝利は努力の結果。','2025-03-12 00:00:00','2025-03-12 11:32:00','2009-04-01',NULL,1),(2,'山田 太郎','やまだ たろう',NULL,'1992-06-25',185,80,'大阪府','捕手','笑顔で全力投球！','2025-03-12 00:00:00',NULL,'2015-04-01',NULL,1),(3,'鈴木 勇','すずき いさみ',NULL,'1988-09-10',178,73,'福岡県','内野手','打倒相手チーム！','2025-03-12 00:00:00','2025-03-12 12:21:00','2011-04-01',NULL,1),(4,'佐藤 健','さとう けん',NULL,'1995-11-30',175,72,'北海道','内野手','一歩一歩前進！','2025-03-12 00:00:00','2025-03-12 12:21:00','2014-04-01',NULL,1),(5,'高橋 誠','たかはし まこと',NULL,'1991-03-08',180,78,'神奈川県','内野手','チームのために！','2025-03-12 00:00:00',NULL,'2008-04-01',NULL,1),(6,'渡辺 翔','わたなべ しょう',NULL,'1989-12-17',182,85,'愛知県','内野手','勝利の女神！','2025-03-12 00:00:00',NULL,'2012-04-01',NULL,1),(7,'小林 勇','こばやし いさみ',NULL,'1993-05-20',178,68,'京都府','内野手','全力で走れ！','2025-03-12 00:00:00',NULL,'2012-04-01',NULL,1),(8,'中村 亮','なかむら りょう',NULL,'1996-01-15',170,65,'広島県','外野手','皆で笑おう！','2025-03-12 00:00:00',NULL,'2014-04-01',NULL,1),(9,'加藤 健','かとう けん',NULL,'1987-07-04',180,75,'埼玉県','外野手','打って走って守る！','2025-03-12 00:00:00',NULL,'2010-04-01',NULL,1),(10,'伊藤 拓','いとう たく',NULL,'1994-02-23',158,62,'宮城県','投手','チャンスを掴め！','2025-03-12 00:00:00',NULL,'2012-04-01',NULL,1),(11,'石川 ジョン','いしかわ じょん',NULL,'1990-10-05',192,90,'カリフォルニア州','内野手','ホームランを狙え！','2025-03-12 00:00:00',NULL,'2016-04-01',NULL,1),(12,'清水 クリス','しみず くりす',NULL,'1997-08-14',185,88,'テキサス州','外野手','スピード勝負！','2025-03-12 00:00:00',NULL,'2016-03-01',NULL,1),(13,'松本 デイビッド','まつもと でいびっど',NULL,'1992-11-02',175,70,'ニューヨーク州','内野手','守りで勝て！','2025-03-12 00:00:00',NULL,'2017-04-01',NULL,1),(14,'石井 圭一','いしい けいいち',NULL,'1965-05-05',170,70,'東京都','監督','チーム全員で勝つ！','2025-03-12 00:00:00',NULL,'2018-04-01',NULL,1),(15,'上田 剛','うえだ ごう',NULL,'1970-11-11',175,75,'神奈川県','投手コーチ','完璧な投球を目指せ！','2025-03-12 00:00:00',NULL,'2019-04-01',NULL,1),(16,'マイク・スミス','まいく すみす',NULL,'1980-06-20',180,85,'オハイオ州','打撃コーチ','一撃必殺のバッティング！','2025-03-12 00:00:00',NULL,'2019-04-01',NULL,1);
/*!40000 ALTER TABLE `players` ENABLE KEYS */;
UNLOCK TABLES;

--
-- Table structure for table `seats`
--

DROP TABLE IF EXISTS `seats`;
/*!40101 SET @saved_cs_client     = @@character_set_client */;
/*!50503 SET character_set_client = utf8mb4 */;
CREATE TABLE `seats` (
  `seat_id` int NOT NULL AUTO_INCREMENT COMMENT '座席ID(オートインクルメント）',
  `seat_type` varchar(64) NOT NULL COMMENT '座席種類',
  `seat_price` int NOT NULL COMMENT '座席料金',
  PRIMARY KEY (`seat_id`)
) ENGINE=InnoDB AUTO_INCREMENT=4 DEFAULT CHARSET=utf8mb3 COMMENT='座席テーブル';
/*!40101 SET character_set_client = @saved_cs_client */;

--
-- Dumping data for table `seats`
--

LOCK TABLES `seats` WRITE;
/*!40000 ALTER TABLE `seats` DISABLE KEYS */;
INSERT INTO `seats` VALUES (1,'外野応援席',3000),(2,'内野指定席',5000),(3,'バックネット側指定席',8000);
/*!40000 ALTER TABLE `seats` ENABLE KEYS */;
UNLOCK TABLES;

--
-- Table structure for table `stadiums`
--

DROP TABLE IF EXISTS `stadiums`;
/*!40101 SET @saved_cs_client     = @@character_set_client */;
/*!50503 SET character_set_client = utf8mb4 */;
CREATE TABLE `stadiums` (
  `stadium_id` int NOT NULL COMMENT 'スタジアムID（オートインクリメント）',
  `stadium_name` varchar(255) NOT NULL COMMENT 'チーム名',
  PRIMARY KEY (`stadium_id`)
) ENGINE=InnoDB DEFAULT CHARSET=utf8mb3 COMMENT='スタジアムテーブル';
/*!40101 SET character_set_client = @saved_cs_client */;

--
-- Dumping data for table `stadiums`
--

LOCK TABLES `stadiums` WRITE;
/*!40000 ALTER TABLE `stadiums` DISABLE KEYS */;
INSERT INTO `stadiums` VALUES (1,'長浜PoyPoyドーム');
/*!40000 ALTER TABLE `stadiums` ENABLE KEYS */;
UNLOCK TABLES;

--
-- Table structure for table `teams`
--

DROP TABLE IF EXISTS `teams`;
/*!40101 SET @saved_cs_client     = @@character_set_client */;
/*!50503 SET character_set_client = utf8mb4 */;
CREATE TABLE `teams` (
  `team_id` int NOT NULL AUTO_INCREMENT COMMENT 'チームID（オートインクリメント）',
  `team_name` varchar(255) NOT NULL COMMENT 'チーム名',
  PRIMARY KEY (`team_id`)
) ENGINE=InnoDB AUTO_INCREMENT=5 DEFAULT CHARSET=utf8mb3 COMMENT='チーム情報テーブル';
/*!40101 SET character_set_client = @saved_cs_client */;

--
-- Dumping data for table `teams`
--

LOCK TABLES `teams` WRITE;
/*!40000 ALTER TABLE `teams` DISABLE KEYS */;
INSERT INTO `teams` VALUES (1,'フェニックス'),(2,'フラワーズ'),(3,'ビーズ'),(4,'ドルフィンズ');
/*!40000 ALTER TABLE `teams` ENABLE KEYS */;
UNLOCK TABLES;

--
-- Table structure for table `ticket_order_detail`
--

DROP TABLE IF EXISTS `ticket_order_detail`;
/*!40101 SET @saved_cs_client     = @@character_set_client */;
/*!50503 SET character_set_client = utf8mb4 */;
CREATE TABLE `ticket_order_detail` (
  `ticket_order_detail_id` int NOT NULL AUTO_INCREMENT,
  `ticket_order_id` int NOT NULL COMMENT '外部キー（チケット注文テーブルの主キー）',
  `tikcet_id` int NOT NULL COMMENT '外部キー（チケットテーブルの主キー）',
  `quantity` int NOT NULL COMMENT '注文枚数',
  PRIMARY KEY (`ticket_order_detail_id`),
  KEY `ticket_order_id_idx` (`ticket_order_id`),
  KEY `ticket_id_idx` (`tikcet_id`),
  CONSTRAINT `ticket_id` FOREIGN KEY (`tikcet_id`) REFERENCES `tickets` (`ticket_id`),
  CONSTRAINT `ticket_order_id` FOREIGN KEY (`ticket_order_id`) REFERENCES `ticket_orders` (`ticket_order_id`)
) ENGINE=InnoDB DEFAULT CHARSET=utf8mb3 COMMENT='チケット注文詳細テーブル';
/*!40101 SET character_set_client = @saved_cs_client */;

--
-- Dumping data for table `ticket_order_detail`
--

LOCK TABLES `ticket_order_detail` WRITE;
/*!40000 ALTER TABLE `ticket_order_detail` DISABLE KEYS */;
/*!40000 ALTER TABLE `ticket_order_detail` ENABLE KEYS */;
UNLOCK TABLES;

--
-- Table structure for table `ticket_orders`
--

DROP TABLE IF EXISTS `ticket_orders`;
/*!40101 SET @saved_cs_client     = @@character_set_client */;
/*!50503 SET character_set_client = utf8mb4 */;
CREATE TABLE `ticket_orders` (
  `ticket_order_id` int NOT NULL AUTO_INCREMENT COMMENT 'チケット注文ID(オートインクルメント）',
  `user_id` int NOT NULL COMMENT '外部キー(会員テーブルの主キー)',
  `created_at` datetime NOT NULL COMMENT 'データ作成年月日（注文年月日）',
  PRIMARY KEY (`ticket_order_id`),
  KEY `user_id_idx` (`user_id`),
  CONSTRAINT `user_id` FOREIGN KEY (`user_id`) REFERENCES `users` (`user_id`)
) ENGINE=InnoDB DEFAULT CHARSET=utf8mb3 COMMENT='チケット注文テーブル';
/*!40101 SET character_set_client = @saved_cs_client */;

--
-- Dumping data for table `ticket_orders`
--

LOCK TABLES `ticket_orders` WRITE;
/*!40000 ALTER TABLE `ticket_orders` DISABLE KEYS */;
/*!40000 ALTER TABLE `ticket_orders` ENABLE KEYS */;
UNLOCK TABLES;

--
-- Table structure for table `ticket_statuses`
--

DROP TABLE IF EXISTS `ticket_statuses`;
/*!40101 SET @saved_cs_client     = @@character_set_client */;
/*!50503 SET character_set_client = utf8mb4 */;
CREATE TABLE `ticket_statuses` (
  `ticket_status_id` int NOT NULL DEFAULT '1' COMMENT 'チケットステータスID(オートインクルメント）',
  `ticket_status` varchar(10) NOT NULL COMMENT '販売状況（1:未購入、2:購入済、3:リセール出品、4:リセール購入済）',
  PRIMARY KEY (`ticket_status_id`)
) ENGINE=InnoDB DEFAULT CHARSET=utf8mb3 COMMENT='チケットステータステーブル';
/*!40101 SET character_set_client = @saved_cs_client */;

--
-- Dumping data for table `ticket_statuses`
--

LOCK TABLES `ticket_statuses` WRITE;
/*!40000 ALTER TABLE `ticket_statuses` DISABLE KEYS */;
INSERT INTO `ticket_statuses` VALUES (1,'未購入'),(2,'購入済'),(3,'リセール販売'),(4,'リセール購入済');
/*!40000 ALTER TABLE `ticket_statuses` ENABLE KEYS */;
UNLOCK TABLES;

--
-- Table structure for table `tickets`
--

DROP TABLE IF EXISTS `tickets`;
/*!40101 SET @saved_cs_client     = @@character_set_client */;
/*!50503 SET character_set_client = utf8mb4 */;
CREATE TABLE `tickets` (
  `ticket_id` int NOT NULL AUTO_INCREMENT COMMENT 'チケットID（オートインクリメント）',
  `game_id` int NOT NULL COMMENT '外部キー(game_id)',
  `seat_id` int NOT NULL COMMENT '外部キー(seat_id)',
  `seat_number` varchar(255) NOT NULL COMMENT '座席番号',
  `ticket_status_id` int NOT NULL COMMENT '外部キー(ticket_status_id)',
  PRIMARY KEY (`ticket_id`),
  KEY `game_id_idx` (`game_id`),
  KEY `seat_id_idx` (`seat_id`),
  KEY `ticket_status_id_idx` (`ticket_status_id`),
  CONSTRAINT `game_id` FOREIGN KEY (`game_id`) REFERENCES `games` (`game_id`),
  CONSTRAINT `ticket_status_id` FOREIGN KEY (`ticket_status_id`) REFERENCES `ticket_statuses` (`ticket_status_id`)
) ENGINE=InnoDB AUTO_INCREMENT=1121 DEFAULT CHARSET=utf8mb3 COMMENT='チケットテーブル';
/*!40101 SET character_set_client = @saved_cs_client */;

--
-- Dumping data for table `tickets`
--

LOCK TABLES `tickets` WRITE;
/*!40000 ALTER TABLE `tickets` DISABLE KEYS */;
INSERT INTO `tickets` VALUES (1,1,1,'A001',3),(2,1,1,'A002',1),(3,1,1,'A003',4),(4,1,1,'A004',2),(5,1,1,'A005',3),(6,1,2,'B001',2),(7,1,2,'B002',3),(8,1,2,'B003',1),(9,1,2,'B004',4),(10,1,2,'B005',2),(11,1,3,'C001',4),(12,1,3,'C002',2),(13,1,3,'C003',3),(14,1,3,'C004',1),(15,1,3,'C005',4),(16,1,4,'D001',1),(17,1,4,'D002',4),(18,1,4,'D003',2),(19,1,4,'D004',3),(20,1,4,'D005',1),(21,2,1,'A001',1),(22,2,1,'A002',4),(23,2,1,'A003',2),(24,2,1,'A004',3),(25,2,1,'A005',1),(26,2,2,'B001',3),(27,2,2,'B002',1),(28,2,2,'B003',4),(29,2,2,'B004',2),(30,2,2,'B005',3),(31,2,3,'C001',2),(32,2,3,'C002',3),(33,2,3,'C003',1),(34,2,3,'C004',4),(35,2,3,'C005',2),(36,2,4,'D001',4),(37,2,4,'D002',2),(38,2,4,'D003',3),(39,2,4,'D004',1),(40,2,4,'D005',4),(41,3,1,'A001',2),(42,3,1,'A002',3),(43,3,1,'A003',1),(44,3,1,'A004',4),(45,3,1,'A005',2),(46,3,2,'B001',4),(47,3,2,'B002',2),(48,3,2,'B003',3),(49,3,2,'B004',1),(50,3,2,'B005',4),(51,3,3,'C001',1),(52,3,3,'C002',4),(53,3,3,'C003',2),(54,3,3,'C004',3),(55,3,3,'C005',1),(56,3,4,'D001',3),(57,3,4,'D002',1),(58,3,4,'D003',4),(59,3,4,'D004',2),(60,3,4,'D005',3),(61,4,1,'A001',4),(62,4,1,'A002',2),(63,4,1,'A003',3),(64,4,1,'A004',1),(65,4,1,'A005',4),(66,4,2,'B001',1),(67,4,2,'B002',4),(68,4,2,'B003',2),(69,4,2,'B004',3),(70,4,2,'B005',1),(71,4,3,'C001',3),(72,4,3,'C002',1),(73,4,3,'C003',4),(74,4,3,'C004',2),(75,4,3,'C005',3),(76,4,4,'D001',2),(77,4,4,'D002',3),(78,4,4,'D003',1),(79,4,4,'D004',4),(80,4,4,'D005',2),(81,5,1,'A001',3),(82,5,1,'A002',1),(83,5,1,'A003',4),(84,5,1,'A004',2),(85,5,1,'A005',3),(86,5,2,'B001',2),(87,5,2,'B002',3),(88,5,2,'B003',1),(89,5,2,'B004',4),(90,5,2,'B005',2),(91,5,3,'C001',4),(92,5,3,'C002',2),(93,5,3,'C003',3),(94,5,3,'C004',1),(95,5,3,'C005',4),(96,5,4,'D001',1),(97,5,4,'D002',4),(98,5,4,'D003',2),(99,5,4,'D004',3),(100,5,4,'D005',1),(101,6,1,'A001',1),(102,6,1,'A002',4),(103,6,1,'A003',2),(104,6,1,'A004',3),(105,6,1,'A005',1),(106,6,2,'B001',3),(107,6,2,'B002',1),(108,6,2,'B003',4),(109,6,2,'B004',2),(110,6,2,'B005',3),(111,6,3,'C001',2),(112,6,3,'C002',3),(113,6,3,'C003',1),(114,6,3,'C004',4),(115,6,3,'C005',2),(116,6,4,'D001',4),(117,6,4,'D002',2),(118,6,4,'D003',3),(119,6,4,'D004',1),(120,6,4,'D005',4),(121,7,1,'A001',3),(122,7,1,'A002',1),(123,7,1,'A003',4),(124,7,1,'A004',2),(125,7,1,'A005',3),(126,7,2,'B001',2),(127,7,2,'B002',3),(128,7,2,'B003',1),(129,7,2,'B004',4),(130,7,2,'B005',2),(131,7,3,'C001',4),(132,7,3,'C002',2),(133,7,3,'C003',3),(134,7,3,'C004',1),(135,7,3,'C005',4),(136,7,4,'D001',1),(137,7,4,'D002',4),(138,7,4,'D003',2),(139,7,4,'D004',3),(140,7,4,'D005',1),(141,8,1,'A001',1),(142,8,1,'A002',4),(143,8,1,'A003',2),(144,8,1,'A004',3),(145,8,1,'A005',1),(146,8,2,'B001',3),(147,8,2,'B002',1),(148,8,2,'B003',4),(149,8,2,'B004',2),(150,8,2,'B005',3),(151,8,3,'C001',2),(152,8,3,'C002',3),(153,8,3,'C003',1),(154,8,3,'C004',4),(155,8,3,'C005',2),(156,8,4,'D001',4),(157,8,4,'D002',2),(158,8,4,'D003',3),(159,8,4,'D004',1),(160,8,4,'D005',4),(161,9,1,'A001',2),(162,9,1,'A002',3),(163,9,1,'A003',1),(164,9,1,'A004',4),(165,9,1,'A005',2),(166,9,2,'B001',4),(167,9,2,'B002',2),(168,9,2,'B003',3),(169,9,2,'B004',1),(170,9,2,'B005',4),(171,9,3,'C001',1),(172,9,3,'C002',4),(173,9,3,'C003',2),(174,9,3,'C004',3),(175,9,3,'C005',1),(176,9,4,'D001',3),(177,9,4,'D002',1),(178,9,4,'D003',4),(179,9,4,'D004',2),(180,9,4,'D005',3),(181,10,1,'A001',4),(182,10,1,'A002',2),(183,10,1,'A003',3),(184,10,1,'A004',1),(185,10,1,'A005',4),(186,10,2,'B001',1),(187,10,2,'B002',4),(188,10,2,'B003',2),(189,10,2,'B004',3),(190,10,2,'B005',1),(191,10,3,'C001',3),(192,10,3,'C002',1),(193,10,3,'C003',4),(194,10,3,'C004',2),(195,10,3,'C005',3),(196,10,4,'D001',2),(197,10,4,'D002',3),(198,10,4,'D003',1),(199,10,4,'D004',4),(200,10,4,'D005',2),(201,11,1,'A001',3),(202,11,1,'A002',1),(203,11,1,'A003',4),(204,11,1,'A004',2),(205,11,1,'A005',3),(206,11,2,'B001',2),(207,11,2,'B002',3),(208,11,2,'B003',1),(209,11,2,'B004',4),(210,11,2,'B005',2),(211,11,3,'C001',4),(212,11,3,'C002',2),(213,11,3,'C003',3),(214,11,3,'C004',1),(215,11,3,'C005',4),(216,11,4,'D001',1),(217,11,4,'D002',4),(218,11,4,'D003',2),(219,11,4,'D004',3),(220,11,4,'D005',1),(221,12,1,'A001',1),(222,12,1,'A002',4),(223,12,1,'A003',2),(224,12,1,'A004',3),(225,12,1,'A005',1),(226,12,2,'B001',3),(227,12,2,'B002',1),(228,12,2,'B003',4),(229,12,2,'B004',2),(230,12,2,'B005',3),(231,12,3,'C001',2),(232,12,3,'C002',3),(233,12,3,'C003',1),(234,12,3,'C004',4),(235,12,3,'C005',2),(236,12,4,'D001',4),(237,12,4,'D002',2),(238,12,4,'D003',3),(239,12,4,'D004',1),(240,12,4,'D005',4),(241,13,1,'A001',2),(242,13,1,'A002',3),(243,13,1,'A003',1),(244,13,1,'A004',4),(245,13,1,'A005',2),(246,13,2,'B001',4),(247,13,2,'B002',2),(248,13,2,'B003',3),(249,13,2,'B004',1),(250,13,2,'B005',4),(251,13,3,'C001',1),(252,13,3,'C002',4),(253,13,3,'C003',2),(254,13,3,'C004',3),(255,13,3,'C005',1),(256,13,4,'D001',3),(257,13,4,'D002',1),(258,13,4,'D003',4),(259,13,4,'D004',2),(260,13,4,'D005',3),(261,14,1,'A001',4),(262,14,1,'A002',2),(263,14,1,'A003',3),(264,14,1,'A004',1),(265,14,1,'A005',4),(266,14,2,'B001',1),(267,14,2,'B002',4),(268,14,2,'B003',2),(269,14,2,'B004',3),(270,14,2,'B005',1),(271,14,3,'C001',3),(272,14,3,'C002',1),(273,14,3,'C003',4),(274,14,3,'C004',2),(275,14,3,'C005',3),(276,14,4,'D001',2),(277,14,4,'D002',3),(278,14,4,'D003',1),(279,14,4,'D004',4),(280,14,4,'D005',2),(281,15,1,'A001',3),(282,15,1,'A002',1),(283,15,1,'A003',4),(284,15,1,'A004',2),(285,15,1,'A005',3),(286,15,2,'B001',2),(287,15,2,'B002',3),(288,15,2,'B003',1),(289,15,2,'B004',4),(290,15,2,'B005',2),(291,15,3,'C001',4),(292,15,3,'C002',2),(293,15,3,'C003',3),(294,15,3,'C004',1),(295,15,3,'C005',4),(296,15,4,'D001',1),(297,15,4,'D002',4),(298,15,4,'D003',2),(299,15,4,'D004',3),(300,15,4,'D005',1),(301,16,1,'A001',1),(302,16,1,'A002',4),(303,16,1,'A003',2),(304,16,1,'A004',3),(305,16,1,'A005',1),(306,16,2,'B001',3),(307,16,2,'B002',1),(308,16,2,'B003',4),(309,16,2,'B004',2),(310,16,2,'B005',3),(311,16,3,'C001',2),(312,16,3,'C002',3),(313,16,3,'C003',1),(314,16,3,'C004',4),(315,16,3,'C005',2),(316,16,4,'D001',4),(317,16,4,'D002',2),(318,16,4,'D003',3),(319,16,4,'D004',1),(320,16,4,'D005',4),(321,17,1,'A001',2),(322,17,1,'A002',3),(323,17,1,'A003',1),(324,17,1,'A004',4),(325,17,1,'A005',2),(326,17,2,'B001',4),(327,17,2,'B002',2),(328,17,2,'B003',3),(329,17,2,'B004',1),(330,17,2,'B005',4),(331,17,3,'C001',1),(332,17,3,'C002',4),(333,17,3,'C003',2),(334,17,3,'C004',3),(335,17,3,'C005',1),(336,17,4,'D001',3),(337,17,4,'D002',1),(338,17,4,'D003',4),(339,17,4,'D004',2),(340,17,4,'D005',3),(341,18,1,'A001',4),(342,18,1,'A002',2),(343,18,1,'A003',3),(344,18,1,'A004',1),(345,18,1,'A005',4),(346,18,2,'B001',1),(347,18,2,'B002',4),(348,18,2,'B003',2),(349,18,2,'B004',3),(350,18,2,'B005',1),(351,18,3,'C001',3),(352,18,3,'C002',1),(353,18,3,'C003',4),(354,18,3,'C004',2),(355,18,3,'C005',3),(356,18,4,'D001',2),(357,18,4,'D002',3),(358,18,4,'D003',1),(359,18,4,'D004',4),(360,18,4,'D005',2),(361,19,1,'A001',3),(362,19,1,'A002',1),(363,19,1,'A003',4),(364,19,1,'A004',2),(365,19,1,'A005',3),(366,19,2,'B001',2),(367,19,2,'B002',3),(368,19,2,'B003',1),(369,19,2,'B004',4),(370,19,2,'B005',2),(371,19,3,'C001',4),(372,19,3,'C002',2),(373,19,3,'C003',3),(374,19,3,'C004',1),(375,19,3,'C005',4),(376,19,4,'D001',1),(377,19,4,'D002',4),(378,19,4,'D003',2),(379,19,4,'D004',3),(380,19,4,'D005',1),(381,20,1,'A001',1),(382,20,1,'A002',4),(383,20,1,'A003',2),(384,20,1,'A004',3),(385,20,1,'A005',1),(386,20,2,'B001',3),(387,20,2,'B002',1),(388,20,2,'B003',4),(389,20,2,'B004',2),(390,20,2,'B005',3),(391,20,3,'C001',2),(392,20,3,'C002',3),(393,20,3,'C003',1),(394,20,3,'C004',4),(395,20,3,'C005',2),(396,20,4,'D001',4),(397,20,4,'D002',2),(398,20,4,'D003',3),(399,20,4,'D004',1),(400,20,4,'D005',4),(401,21,1,'A001',2),(402,21,1,'A002',3),(403,21,1,'A003',1),(404,21,1,'A004',4),(405,21,1,'A005',2),(406,21,2,'B001',4),(407,21,2,'B002',2),(408,21,2,'B003',3),(409,21,2,'B004',1),(410,21,2,'B005',4),(411,21,3,'C001',1),(412,21,3,'C002',4),(413,21,3,'C003',2),(414,21,3,'C004',3),(415,21,3,'C005',1),(416,21,4,'D001',3),(417,21,4,'D002',1),(418,21,4,'D003',4),(419,21,4,'D004',2),(420,21,4,'D005',3),(421,22,1,'A001',4),(422,22,1,'A002',2),(423,22,1,'A003',3),(424,22,1,'A004',1),(425,22,1,'A005',4),(426,22,2,'B001',1),(427,22,2,'B002',4),(428,22,2,'B003',2),(429,22,2,'B004',3),(430,22,2,'B005',1),(431,22,3,'C001',3),(432,22,3,'C002',1),(433,22,3,'C003',4),(434,22,3,'C004',2),(435,22,3,'C005',3),(436,22,4,'D001',2),(437,22,4,'D002',3),(438,22,4,'D003',1),(439,22,4,'D004',4),(440,22,4,'D005',2),(441,23,1,'A001',3),(442,23,1,'A002',1),(443,23,1,'A003',4),(444,23,1,'A004',2),(445,23,1,'A005',3),(446,23,2,'B001',2),(447,23,2,'B002',3),(448,23,2,'B003',1),(449,23,2,'B004',4),(450,23,2,'B005',2),(451,23,3,'C001',4),(452,23,3,'C002',2),(453,23,3,'C003',3),(454,23,3,'C004',1),(455,23,3,'C005',4),(456,23,4,'D001',1),(457,23,4,'D002',4),(458,23,4,'D003',2),(459,23,4,'D004',3),(460,23,4,'D005',1),(461,24,1,'A001',1),(462,24,1,'A002',4),(463,24,1,'A003',2),(464,24,1,'A004',3),(465,24,1,'A005',1),(466,24,2,'B001',3),(467,24,2,'B002',1),(468,24,2,'B003',4),(469,24,2,'B004',2),(470,24,2,'B005',3),(471,24,3,'C001',2),(472,24,3,'C002',3),(473,24,3,'C003',1),(474,24,3,'C004',4),(475,24,3,'C005',2),(476,24,4,'D001',4),(477,24,4,'D002',2),(478,24,4,'D003',3),(479,24,4,'D004',1),(480,24,4,'D005',4),(481,25,1,'A001',2),(482,25,1,'A002',3),(483,25,1,'A003',1),(484,25,1,'A004',4),(485,25,1,'A005',2),(486,25,2,'B001',4),(487,25,2,'B002',2),(488,25,2,'B003',3),(489,25,2,'B004',1),(490,25,2,'B005',4),(491,25,3,'C001',1),(492,25,3,'C002',4),(493,25,3,'C003',2),(494,25,3,'C004',3),(495,25,3,'C005',1),(496,25,4,'D001',3),(497,25,4,'D002',1),(498,25,4,'D003',4),(499,25,4,'D004',2),(500,25,4,'D005',3),(501,26,1,'A001',4),(502,26,1,'A002',2),(503,26,1,'A003',3),(504,26,1,'A004',1),(505,26,1,'A005',4),(506,26,2,'B001',1),(507,26,2,'B002',4),(508,26,2,'B003',2),(509,26,2,'B004',3),(510,26,2,'B005',1),(511,26,3,'C001',3),(512,26,3,'C002',1),(513,26,3,'C003',4),(514,26,3,'C004',2),(515,26,3,'C005',3),(516,26,4,'D001',2),(517,26,4,'D002',3),(518,26,4,'D003',1),(519,26,4,'D004',4),(520,26,4,'D005',2),(521,27,1,'A001',3),(522,27,1,'A002',1),(523,27,1,'A003',4),(524,27,1,'A004',2),(525,27,1,'A005',3),(526,27,2,'B001',2),(527,27,2,'B002',3),(528,27,2,'B003',1),(529,27,2,'B004',4),(530,27,2,'B005',2),(531,27,3,'C001',4),(532,27,3,'C002',2),(533,27,3,'C003',3),(534,27,3,'C004',1),(535,27,3,'C005',4),(536,27,4,'D001',1),(537,27,4,'D002',4),(538,27,4,'D003',2),(539,27,4,'D004',3),(540,27,4,'D005',1),(541,28,1,'A001',1),(542,28,1,'A002',4),(543,28,1,'A003',2),(544,28,1,'A004',3),(545,28,1,'A005',1),(546,28,2,'B001',3),(547,28,2,'B002',1),(548,28,2,'B003',4),(549,28,2,'B004',2),(550,28,2,'B005',3),(551,28,3,'C001',2),(552,28,3,'C002',3),(553,28,3,'C003',1),(554,28,3,'C004',4),(555,28,3,'C005',2),(556,28,4,'D001',4),(557,28,4,'D002',2),(558,28,4,'D003',3),(559,28,4,'D004',1),(560,28,4,'D005',4),(561,29,1,'A001',2),(562,29,1,'A002',3),(563,29,1,'A003',1),(564,29,1,'A004',4),(565,29,1,'A005',2),(566,29,2,'B001',4),(567,29,2,'B002',2),(568,29,2,'B003',3),(569,29,2,'B004',1),(570,29,2,'B005',4),(571,29,3,'C001',1),(572,29,3,'C002',4),(573,29,3,'C003',2),(574,29,3,'C004',3),(575,29,3,'C005',1),(576,29,4,'D001',3),(577,29,4,'D002',1),(578,29,4,'D003',4),(579,29,4,'D004',2),(580,29,4,'D005',3),(581,30,1,'A001',4),(582,30,1,'A002',2),(583,30,1,'A003',3),(584,30,1,'A004',1),(585,30,1,'A005',4),(586,30,2,'B001',1),(587,30,2,'B002',4),(588,30,2,'B003',2),(589,30,2,'B004',3),(590,30,2,'B005',1),(591,30,3,'C001',3),(592,30,3,'C002',1),(593,30,3,'C003',4),(594,30,3,'C004',2),(595,30,3,'C005',3),(596,30,4,'D001',2),(597,30,4,'D002',3),(598,30,4,'D003',1),(599,30,4,'D004',4),(600,30,4,'D005',2),(601,31,1,'A001',3),(602,31,1,'A002',1),(603,31,1,'A003',4),(604,31,1,'A004',2),(605,31,1,'A005',3),(606,31,2,'B001',2),(607,31,2,'B002',3),(608,31,2,'B003',1),(609,31,2,'B004',4),(610,31,2,'B005',2),(611,31,3,'C001',4),(612,31,3,'C002',2),(613,31,3,'C003',3),(614,31,3,'C004',1),(615,31,3,'C005',4),(616,31,4,'D001',1),(617,31,4,'D002',4),(618,31,4,'D003',2),(619,31,4,'D004',3),(620,31,4,'D005',1),(621,32,1,'A001',1),(622,32,1,'A002',4),(623,32,1,'A003',2),(624,32,1,'A004',3),(625,32,1,'A005',1),(626,32,2,'B001',3),(627,32,2,'B002',1),(628,32,2,'B003',4),(629,32,2,'B004',2),(630,32,2,'B005',3),(631,32,3,'C001',2),(632,32,3,'C002',3),(633,32,3,'C003',1),(634,32,3,'C004',4),(635,32,3,'C005',2),(636,32,4,'D001',4),(637,32,4,'D002',2),(638,32,4,'D003',3),(639,32,4,'D004',1),(640,32,4,'D005',4),(641,33,1,'A001',2),(642,33,1,'A002',3),(643,33,1,'A003',1),(644,33,1,'A004',4),(645,33,1,'A005',2),(646,33,2,'B001',4),(647,33,2,'B002',2),(648,33,2,'B003',3),(649,33,2,'B004',1),(650,33,2,'B005',4),(651,33,3,'C001',1),(652,33,3,'C002',4),(653,33,3,'C003',2),(654,33,3,'C004',3),(655,33,3,'C005',1),(656,33,4,'D001',3),(657,33,4,'D002',1),(658,33,4,'D003',4),(659,33,4,'D004',2),(660,33,4,'D005',3),(661,34,1,'A001',4),(662,34,1,'A002',2),(663,34,1,'A003',3),(664,34,1,'A004',1),(665,34,1,'A005',4),(666,34,2,'B001',1),(667,34,2,'B002',4),(668,34,2,'B003',2),(669,34,2,'B004',3),(670,34,2,'B005',1),(671,34,3,'C001',3),(672,34,3,'C002',1),(673,34,3,'C003',4),(674,34,3,'C004',2),(675,34,3,'C005',3),(676,34,4,'D001',2),(677,34,4,'D002',3),(678,34,4,'D003',1),(679,34,4,'D004',4),(680,34,4,'D005',2),(681,35,1,'A001',3),(682,35,1,'A002',1),(683,35,1,'A003',4),(684,35,1,'A004',2),(685,35,1,'A005',3),(686,35,2,'B001',2),(687,35,2,'B002',3),(688,35,2,'B003',1),(689,35,2,'B004',4),(690,35,2,'B005',2),(691,35,3,'C001',4),(692,35,3,'C002',2),(693,35,3,'C003',3),(694,35,3,'C004',1),(695,35,3,'C005',4),(696,35,4,'D001',1),(697,35,4,'D002',4),(698,35,4,'D003',2),(699,35,4,'D004',3),(700,35,4,'D005',1),(701,36,1,'A001',1),(702,36,1,'A002',4),(703,36,1,'A003',2),(704,36,1,'A004',3),(705,36,1,'A005',1),(706,36,2,'B001',3),(707,36,2,'B002',1),(708,36,2,'B003',4),(709,36,2,'B004',2),(710,36,2,'B005',3),(711,36,3,'C001',2),(712,36,3,'C002',3),(713,36,3,'C003',1),(714,36,3,'C004',4),(715,36,3,'C005',2),(716,36,4,'D001',4),(717,36,4,'D002',2),(718,36,4,'D003',3),(719,36,4,'D004',1),(720,36,4,'D005',4),(721,37,1,'A001',2),(722,37,1,'A002',3),(723,37,1,'A003',1),(724,37,1,'A004',4),(725,37,1,'A005',2),(726,37,2,'B001',4),(727,37,2,'B002',2),(728,37,2,'B003',3),(729,37,2,'B004',1),(730,37,2,'B005',4),(731,37,3,'C001',1),(732,37,3,'C002',4),(733,37,3,'C003',2),(734,37,3,'C004',3),(735,37,3,'C005',1),(736,37,4,'D001',3),(737,37,4,'D002',1),(738,37,4,'D003',4),(739,37,4,'D004',2),(740,37,4,'D005',3),(741,38,1,'A001',4),(742,38,1,'A002',2),(743,38,1,'A003',3),(744,38,1,'A004',1),(745,38,1,'A005',4),(746,38,2,'B001',1),(747,38,2,'B002',4),(748,38,2,'B003',2),(749,38,2,'B004',3),(750,38,2,'B005',1),(751,38,3,'C001',3),(752,38,3,'C002',1),(753,38,3,'C003',4),(754,38,3,'C004',2),(755,38,3,'C005',3),(756,38,4,'D001',2),(757,38,4,'D002',3),(758,38,4,'D003',1),(759,38,4,'D004',4),(760,38,4,'D005',2),(761,39,1,'A001',3),(762,39,1,'A002',1),(763,39,1,'A003',4),(764,39,1,'A004',2),(765,39,1,'A005',3),(766,39,2,'B001',2),(767,39,2,'B002',3),(768,39,2,'B003',1),(769,39,2,'B004',4),(770,39,2,'B005',2),(771,39,3,'C001',4),(772,39,3,'C002',2),(773,39,3,'C003',3),(774,39,3,'C004',1),(775,39,3,'C005',4),(776,39,4,'D001',1),(777,39,4,'D002',4),(778,39,4,'D003',2),(779,39,4,'D004',3),(780,39,4,'D005',1),(781,40,1,'A001',1),(782,40,1,'A002',4),(783,40,1,'A003',2),(784,40,1,'A004',3),(785,40,1,'A005',1),(786,40,2,'B001',3),(787,40,2,'B002',1),(788,40,2,'B003',4),(789,40,2,'B004',2),(790,40,2,'B005',3),(791,40,3,'C001',2),(792,40,3,'C002',3),(793,40,3,'C003',1),(794,40,3,'C004',4),(795,40,3,'C005',2),(796,40,4,'D001',4),(797,40,4,'D002',2),(798,40,4,'D003',3),(799,40,4,'D004',1),(800,40,4,'D005',4),(801,41,1,'A001',2),(802,41,1,'A002',3),(803,41,1,'A003',1),(804,41,1,'A004',4),(805,41,1,'A005',2),(806,41,2,'B001',4),(807,41,2,'B002',2),(808,41,2,'B003',3),(809,41,2,'B004',1),(810,41,2,'B005',4),(811,41,3,'C001',1),(812,41,3,'C002',4),(813,41,3,'C003',2),(814,41,3,'C004',3),(815,41,3,'C005',1),(816,41,4,'D001',3),(817,41,4,'D002',1),(818,41,4,'D003',4),(819,41,4,'D004',2),(820,41,4,'D005',3),(821,42,1,'A001',4),(822,42,1,'A002',2),(823,42,1,'A003',3),(824,42,1,'A004',1),(825,42,1,'A005',4),(826,42,2,'B001',1),(827,42,2,'B002',4),(828,42,2,'B003',2),(829,42,2,'B004',3),(830,42,2,'B005',1),(831,42,3,'C001',3),(832,42,3,'C002',1),(833,42,3,'C003',4),(834,42,3,'C004',2),(835,42,3,'C005',3),(836,42,4,'D001',2),(837,42,4,'D002',3),(838,42,4,'D003',1),(839,42,4,'D004',4),(840,42,4,'D005',2),(841,43,1,'A001',3),(842,43,1,'A002',1),(843,43,1,'A003',4),(844,43,1,'A004',2),(845,43,1,'A005',3),(846,43,2,'B001',2),(847,43,2,'B002',3),(848,43,2,'B003',1),(849,43,2,'B004',4),(850,43,2,'B005',2),(851,43,3,'C001',4),(852,43,3,'C002',2),(853,43,3,'C003',3),(854,43,3,'C004',1),(855,43,3,'C005',4),(856,43,4,'D001',1),(857,43,4,'D002',4),(858,43,4,'D003',2),(859,43,4,'D004',3),(860,43,4,'D005',1),(861,44,1,'A001',1),(862,44,1,'A002',4),(863,44,1,'A003',2),(864,44,1,'A004',3),(865,44,1,'A005',1),(866,44,2,'B001',3),(867,44,2,'B002',1),(868,44,2,'B003',4),(869,44,2,'B004',2),(870,44,2,'B005',3),(871,44,3,'C001',2),(872,44,3,'C002',3),(873,44,3,'C003',1),(874,44,3,'C004',4),(875,44,3,'C005',2),(876,44,4,'D001',4),(877,44,4,'D002',2),(878,44,4,'D003',3),(879,44,4,'D004',1),(880,44,4,'D005',4),(881,45,1,'A001',2),(882,45,1,'A002',3),(883,45,1,'A003',1),(884,45,1,'A004',4),(885,45,1,'A005',2),(886,45,2,'B001',4),(887,45,2,'B002',2),(888,45,2,'B003',3),(889,45,2,'B004',1),(890,45,2,'B005',4),(891,45,3,'C001',1),(892,45,3,'C002',4),(893,45,3,'C003',2),(894,45,3,'C004',3),(895,45,3,'C005',1),(896,45,4,'D001',3),(897,45,4,'D002',1),(898,45,4,'D003',4),(899,45,4,'D004',2),(900,45,4,'D005',3),(901,46,1,'A001',4),(902,46,1,'A002',2),(903,46,1,'A003',3),(904,46,1,'A004',1),(905,46,1,'A005',4),(906,46,2,'B001',1),(907,46,2,'B002',4),(908,46,2,'B003',2),(909,46,2,'B004',3),(910,46,2,'B005',1),(911,46,3,'C001',3),(912,46,3,'C002',1),(913,46,3,'C003',4),(914,46,3,'C004',2),(915,46,3,'C005',3),(916,46,4,'D001',2),(917,46,4,'D002',3),(918,46,4,'D003',1),(919,46,4,'D004',4),(920,46,4,'D005',2),(921,47,1,'A001',3),(922,47,1,'A002',1),(923,47,1,'A003',4),(924,47,1,'A004',2),(925,47,1,'A005',3),(926,47,2,'B001',2),(927,47,2,'B002',3),(928,47,2,'B003',1),(929,47,2,'B004',4),(930,47,2,'B005',2),(931,47,3,'C001',4),(932,47,3,'C002',2),(933,47,3,'C003',3),(934,47,3,'C004',1),(935,47,3,'C005',4),(936,47,4,'D001',1),(937,47,4,'D002',4),(938,47,4,'D003',2),(939,47,4,'D004',3),(940,47,4,'D005',1),(941,48,1,'A001',1),(942,48,1,'A002',4),(943,48,1,'A003',2),(944,48,1,'A004',3),(945,48,1,'A005',1),(946,48,2,'B001',3),(947,48,2,'B002',1),(948,48,2,'B003',4),(949,48,2,'B004',2),(950,48,2,'B005',3),(951,48,3,'C001',2),(952,48,3,'C002',3),(953,48,3,'C003',1),(954,48,3,'C004',4),(955,48,3,'C005',2),(956,48,4,'D001',4),(957,48,4,'D002',2),(958,48,4,'D003',3),(959,48,4,'D004',1),(960,48,4,'D005',4),(961,49,1,'A001',2),(962,49,1,'A002',3),(963,49,1,'A003',1),(964,49,1,'A004',4),(965,49,1,'A005',2),(966,49,2,'B001',4),(967,49,2,'B002',2),(968,49,2,'B003',3),(969,49,2,'B004',1),(970,49,2,'B005',4),(971,49,3,'C001',1),(972,49,3,'C002',4),(973,49,3,'C003',2),(974,49,3,'C004',3),(975,49,3,'C005',1),(976,49,4,'D001',3),(977,49,4,'D002',1),(978,49,4,'D003',4),(979,49,4,'D004',2),(980,49,4,'D005',3),(981,50,1,'A001',4),(982,50,1,'A002',2),(983,50,1,'A003',3),(984,50,1,'A004',1),(985,50,1,'A005',4),(986,50,2,'B001',1),(987,50,2,'B002',4),(988,50,2,'B003',2),(989,50,2,'B004',3),(990,50,2,'B005',1),(991,50,3,'C001',3),(992,50,3,'C002',1),(993,50,3,'C003',4),(994,50,3,'C004',2),(995,50,3,'C005',3),(996,50,4,'D001',2),(997,50,4,'D002',3),(998,50,4,'D003',1),(999,50,4,'D004',4),(1000,50,4,'D005',2),(1001,51,1,'A001',3),(1002,51,1,'A002',1),(1003,51,1,'A003',4),(1004,51,1,'A004',2),(1005,51,1,'A005',3),(1006,51,2,'B001',2),(1007,51,2,'B002',3),(1008,51,2,'B003',1),(1009,51,2,'B004',4),(1010,51,2,'B005',2),(1011,51,3,'C001',4),(1012,51,3,'C002',2),(1013,51,3,'C003',3),(1014,51,3,'C004',1),(1015,51,3,'C005',4),(1016,51,4,'D001',1),(1017,51,4,'D002',4),(1018,51,4,'D003',2),(1019,51,4,'D004',3),(1020,51,4,'D005',1),(1021,52,1,'A001',1),(1022,52,1,'A002',4),(1023,52,1,'A003',2),(1024,52,1,'A004',3),(1025,52,1,'A005',1),(1026,52,2,'B001',3),(1027,52,2,'B002',1),(1028,52,2,'B003',4),(1029,52,2,'B004',2),(1030,52,2,'B005',3),(1031,52,3,'C001',2),(1032,52,3,'C002',3),(1033,52,3,'C003',1),(1034,52,3,'C004',4),(1035,52,3,'C005',2),(1036,52,4,'D001',4),(1037,52,4,'D002',2),(1038,52,4,'D003',3),(1039,52,4,'D004',1),(1040,52,4,'D005',4),(1041,53,1,'A001',2),(1042,53,1,'A002',3),(1043,53,1,'A003',1),(1044,53,1,'A004',4),(1045,53,1,'A005',2),(1046,53,2,'B001',4),(1047,53,2,'B002',2),(1048,53,2,'B003',3),(1049,53,2,'B004',1),(1050,53,2,'B005',4),(1051,53,3,'C001',1),(1052,53,3,'C002',4),(1053,53,3,'C003',2),(1054,53,3,'C004',3),(1055,53,3,'C005',1),(1056,53,4,'D001',3),(1057,53,4,'D002',1),(1058,53,4,'D003',4),(1059,53,4,'D004',2),(1060,53,4,'D005',3),(1061,54,1,'A001',4),(1062,54,1,'A002',2),(1063,54,1,'A003',3),(1064,54,1,'A004',1),(1065,54,1,'A005',4),(1066,54,2,'B001',1),(1067,54,2,'B002',4),(1068,54,2,'B003',2),(1069,54,2,'B004',3),(1070,54,2,'B005',1),(1071,54,3,'C001',3),(1072,54,3,'C002',1),(1073,54,3,'C003',4),(1074,54,3,'C004',2),(1075,54,3,'C005',3),(1076,54,4,'D001',2),(1077,54,4,'D002',3),(1078,54,4,'D003',1),(1079,54,4,'D004',4),(1080,54,4,'D005',2),(1081,55,1,'A001',3),(1082,55,1,'A002',1),(1083,55,1,'A003',4),(1084,55,1,'A004',2),(1085,55,1,'A005',3),(1086,55,2,'B001',2),(1087,55,2,'B002',3),(1088,55,2,'B003',1),(1089,55,2,'B004',4),(1090,55,2,'B005',2),(1091,55,3,'C001',4),(1092,55,3,'C002',2),(1093,55,3,'C003',3),(1094,55,3,'C004',1),(1095,55,3,'C005',4),(1096,55,4,'D001',1),(1097,55,4,'D002',4),(1098,55,4,'D003',2),(1099,55,4,'D004',3),(1100,55,4,'D005',1),(1101,56,1,'A001',1),(1102,56,1,'A002',4),(1103,56,1,'A003',2),(1104,56,1,'A004',3),(1105,56,1,'A005',1),(1106,56,2,'B001',3),(1107,56,2,'B002',1),(1108,56,2,'B003',4),(1109,56,2,'B004',2),(1110,56,2,'B005',3),(1111,56,3,'C001',2),(1112,56,3,'C002',3),(1113,56,3,'C003',1),(1114,56,3,'C004',4),(1115,56,3,'C005',2),(1116,56,4,'D001',4),(1117,56,4,'D002',2),(1118,56,4,'D003',3),(1119,56,4,'D004',1),(1120,56,4,'D005',4);
/*!40000 ALTER TABLE `tickets` ENABLE KEYS */;
UNLOCK TABLES;

--
-- Table structure for table `users`
--

DROP TABLE IF EXISTS `users`;
/*!40101 SET @saved_cs_client     = @@character_set_client */;
/*!50503 SET character_set_client = utf8mb4 */;
CREATE TABLE `users` (
  `user_id` int NOT NULL AUTO_INCREMENT COMMENT '会員ID（オートインクリメント)',
  `name` varchar(255) NOT NULL COMMENT '名前',
  `kana` varchar(255) NOT NULL COMMENT '名前(ふりがな)',
  `birthday` date NOT NULL COMMENT '生年月日',
  `gender` enum('男性','女性','その他') NOT NULL COMMENT '性別(ENUM(1.男性, 2.女性, 3.その他）)',
  `post_code` varchar(7) NOT NULL COMMENT '郵便番号(ハイフンなし７桁)',
  `address` varchar(255) NOT NULL COMMENT '住所',
  `phone` varchar(20) NOT NULL COMMENT '電話番号',
  `email` varchar(255) NOT NULL,
  `pass` varchar(255) NOT NULL COMMENT 'パスワード',
  `created_at` date NOT NULL COMMENT 'アカウント作成日(登録日)',
  `last_login_at` datetime NOT NULL COMMENT 'カードの有効期限',
  `credit_card_number` varchar(45) DEFAULT NULL COMMENT 'クレジットカード番号',
  `credit_card_expiry_date` varchar(5) DEFAULT NULL,
  `credit_card_security_code` varchar(3) DEFAULT NULL COMMENT 'カードのセキュリティコード',
  PRIMARY KEY (`user_id`),
  UNIQUE KEY `email_UNIQUE` (`email`)
) ENGINE=InnoDB AUTO_INCREMENT=2 DEFAULT CHARSET=utf8mb3 COMMENT='会員テーブル';
/*!40101 SET character_set_client = @saved_cs_client */;

--
-- Dumping data for table `users`
--

LOCK TABLES `users` WRITE;
/*!40000 ALTER TABLE `users` DISABLE KEYS */;
INSERT INTO `users` VALUES (1,'斎藤 飛鳥','さいとう あすか','1998-08-01','女性','8100072','福岡県福岡市中央区長浜一丁目4番13号 SF福岡ビル6階','0924011835','asuka-saitou@rikarento.com','1234','2025-03-12','2025-03-12 15:10:00',NULL,NULL,NULL);
/*!40000 ALTER TABLE `users` ENABLE KEYS */;
UNLOCK TABLES;
/*!40103 SET TIME_ZONE=@OLD_TIME_ZONE */;

/*!40101 SET SQL_MODE=@OLD_SQL_MODE */;
/*!40014 SET FOREIGN_KEY_CHECKS=@OLD_FOREIGN_KEY_CHECKS */;
/*!40014 SET UNIQUE_CHECKS=@OLD_UNIQUE_CHECKS */;
/*!40101 SET CHARACTER_SET_CLIENT=@OLD_CHARACTER_SET_CLIENT */;
/*!40101 SET CHARACTER_SET_RESULTS=@OLD_CHARACTER_SET_RESULTS */;
/*!40101 SET COLLATION_CONNECTION=@OLD_COLLATION_CONNECTION */;
/*!40111 SET SQL_NOTES=@OLD_SQL_NOTES */;

-- Dump completed on 2025-03-24 11:29:42
